{
    "parameters": {
        "nominalPowerRate": [
            800.0
        ],
        "nominalAirFlowRate": [
            0.5
        ],
        "c1": [
            0.027828
        ],
        "c2": [
            0.026583
        ],
        "c3": [
            -0.087069
        ],
        "c4": [
            1.03092
        ],
        "f_total": [
            0.8
        ]
    }
}